<jaxb:bindings xmlns:jaxb="http://java.sun.com/xml/ns/jaxb" xmlns:xjc="http://java.sun.com/xml/ns/jaxb/xjc"
	xmlns:xs="http://www.w3.org/2001/XMLSchema" xmlns:xsi="http://www.w3.org/2001/XMLSchema-instance" version="2.0"
	xsi:schemaLocation="http://java.sun.com/xml/ns/jaxb bindingschema_2_0.xsd">
 
	<jaxb:bindings xmlns:xs="http://www.w3.org/2001/XMLSchema" schemaLocation="SDMXMessage.xsd"
		node="/xs:schema">
		<jaxb:bindings>
			<jaxb:schemaBindings>
				<jaxb:package name="org.sdmx.resources.sdmxml.schemas.v2_0.message" />
			</jaxb:schemaBindings>
		</jaxb:bindings>
		<jaxb:bindings node="//xs:choice/xs:element[@ref='generic:DataSet']">
			<jaxb:property name="genericDataSet" />
		</jaxb:bindings>
		<jaxb:bindings node="//xs:choice/xs:element[@ref='utility:DataSet']">
			<jaxb:property name="utilityDataSet" />
		</jaxb:bindings>
		<jaxb:bindings node="//xs:choice/xs:element[@ref='compact:DataSet']">
			<jaxb:property name="compactDataSet" />
		</jaxb:bindings>
		<jaxb:bindings node="//xs:choice/xs:element[@ref='cross:DataSet']">
			<jaxb:property name="crossDataSet" />
		</jaxb:bindings>
		<jaxb:bindings node="//xs:choice/xs:element[@ref='genericmetadata:MetadataSet']">
			<jaxb:property name="genericmetadataMetadataSet" />
		</jaxb:bindings>
		<jaxb:bindings node="//xs:choice/xs:element[@ref='metadatareport:MetadataSet']">
			<jaxb:property name="metadatareportMetadataSet" />
		</jaxb:bindings>
	</jaxb:bindings>
	
</jaxb:bindings>
